-- noinspection SqlDialectInspectionForFile

-- Supermercados
INSERT INTO Supermercado (nombre, ubicacion, localidad, logo)
VALUES ('Carrefour', 'Avenida Mosconi 2871', 'San Justo',
        'https://carrefourar.vtexassets.com/assets/vtex/assets-builder/carrefourar.theme/74.0.0/logo/logo___8ebc4231614a7b41a4258354ce76e1e1.svg'),
       ('Coto', 'Avenida Brigadier Juan Manuel de Rosas 3990', 'San Justo',
        'https://logowik.com/content/uploads/images/supermercado-coto4935.logowik.com.webp'),
       ('Jumbo', 'Boulevard Buenos Aires 1001', 'Lomas del Mirador',
        'https://encrypted-tbn0.gstatic.com/images?q=tbn:ANd9GcQByoCb8u-rE8EFcTlcQbvHtcoa8HR-_d6_deVSuuF06w&s'),
       ('Dia', 'Avenida Juan Manuel de Rosas 11000', 'González Catán',
        'https://exportargentina.org.ar/companyimages/15441142122096.jpg'),
       ('Chango Mas', 'Ruta 3 Km 29', 'Isidro Casanova',
        'https://encrypted-tbn0.gstatic.com/images?q=tbn:ANd9GcT9wcqaCozuqN3MpF3B0hPbLaRxBPXfJTX97HlZQ8hRaA&s');

-- Usuarios
INSERT INTO Usuario(id, nombre, apellido, dni, direccion, email, contrasena, admin, guardoCarrito, idSupermercado)
VALUES
       (null, 'Jose', 'Lopez', '15012457', 'Florencio Varela 1903, San Justo, Provincia de Buenos Aires',
        'email@gmail.com', '1234', false, false, null),
       (null, 'Carrefour', 'Admin', '11111111', 'Avenida Mosconi 2871, San Justo',
        'carrefour@gmail.com', '1234', true, false, 1),
       (null, 'Coto', 'Admin', '22222222', 'Avenida Brigadier Juan Manuel de Rosas 3990, San Justo',
        'coto@gmail.com', '1234', true, false, 2),
       (null, 'Jumbo', 'Admin', '33333333', 'Boulevard Buenos Aires 1001, Lomas del Mirador',
        'jumbo@gmail.com', '1234', true, false, 3),
       (null, 'Dia', 'Admin', '44444444', 'Avenida Juan Manuel de Rosas 11000, González Catán',
        'dia@gmail.com', '1234', true, false, 4),
       (null, 'Chango Mas', 'Admin', '55555555', 'Ruta 3 Km 29, Isidro Casanova',
        'changomas@gmail.com', '1234', true, false, 5);


-- Marcas
INSERT INTO Marca (idMarca, nombre)
VALUES
    (1 , 'Gallo'),
    (2 , 'Dos Hermanos'),
    (3 , 'Molinos'),
    (4 , 'Lucchetti'),
    (5 , 'Don Vicente'),
    (6 , 'Matarazzo'),
    (7 , 'Favorita'),

    (8 , 'Arcor'),
    (9 , 'Cocinero'),
    (10 , 'Natura'),
    (11 , 'Mazola'),
    (12 , 'Cañuelas'),

    (13 , 'Pureza'),
    (14 , 'Morixe'),
    (15 , 'Blancaflor'),

    (16 , 'Ledesma'),
    (17 , 'Domino'),
    (18 , 'Flores'),
    (19 , 'Hileret'),
    (20 , 'Chuker'),

    (21 , 'Sedal'),
    (22 , 'Rexona'),
    (23 , 'Dove'),
    (24 , 'Colgate'),
    (25 , 'Pantene'),

    (26 , 'Glaciar'),
    (27 , 'Coca-Cola'),
    (28 , 'Cepita'),
    (29 , 'Elementos'),
    (30 , 'Quilmes'),

    (31 , 'Sin marca'),

    (32 , 'Ayudín'),
    (33 , 'Magistral'),
    (34 , 'Scotch-Brite'),
    (35 , 'Nido De Abeja'),
    (36 , 'Mapa'),

    (37 , 'La Serenísima'),
    (38 , 'Tonadita'),
    (39 , 'La Paulina'),
    (40 , 'Yogurisimo'),
    (41 , 'Tregar');

-- Productos
    -- Cat. Almacen
INSERT INTO Producto (nombre, codigoBarras, categoria, subcategoria, urlImagen, idMarca)
VALUES
    -- Cat. Almacen
    ('Arroz Gallo Oro 1kg', '11450502019', 'Almacen', 'Arroz', 'https://jumboargentina.vtexassets.com/arquivos/ids/803457-1200-auto?v=638379921950070000&width=1200&height=auto&aspect=true', 1),
    ('Arroz Dos Hermanos Largo Fino 1kg', '7790415010050', 'Almacen', 'Arroz', 'https://jumboargentina.vtexassets.com/arquivos/ids/637989-1200-auto?v=637544430793970000&width=1200&height=auto&aspect=true', 2),
    ('Arroz Gallo Oro Largo 1kg', '11450502019', 'Almacen', 'Arroz', 'https://jumboargentina.vtexassets.com/arquivos/ids/803457-1200-auto?v=638379921950070000&width=1200&height=auto&aspect=true', 1),
    ('Arroz Largo Fino Molinos Ala 1kg', '7790020000197', 'Almacen', 'Arroz', 'https://jumboargentina.vtexassets.com/arquivos/ids/625788-1200-auto?v=637528440071470000&width=1200&height=auto&aspect=true', 3),
    ('Arroz Lucchetti Largo Fino 1kg', '7790040015600', 'Almacen', 'Arroz', 'https://jumboargentina.vtexassets.com/arquivos/ids/818208-800-auto?v=638482955195770000&width=800&height=auto&aspect=true', 4),

    ('Fideos Don Vicente Tallarines 500g', '11460304020', 'Almacen', 'Pastas', 'https://jumboargentina.vtexassets.com/arquivos/ids/798895-1200-auto?v=638343636550800000&width=1200&height=auto&aspect=true', 5),
    ('Fideos Matarazzo Tirabuzón 500g', '7790070102366', 'Almacen', 'Pastas', 'https://jumboargentina.vtexassets.com/arquivos/ids/793499-1200-auto?v=638303241842570000&width=1200&height=auto&aspect=true', 6),
    ('Fideos Lucchetti Mostacholes 500g', '7790060111332', 'Almacen', 'Pastas', 'https://jumboargentina.vtexassets.com/arquivos/ids/793512-1200-auto?v=638303241882300000&width=1200&height=auto&aspect=true', 4),
    ('Fideos Favorita Spaghetti 500g', '7790012001215', 'Almacen', 'Pastas', 'https://jumboargentina.vtexassets.com/arquivos/ids/685850-800-auto?v=637787434515600000&width=800&height=auto&aspect=true', 7),
    ('Fideos Arcor Spaghetti 500g', '7790002001602', 'Almacen', 'Pastas', 'https://jumboargentina.vtexassets.com/arquivos/ids/624113-800-auto?v=637505107327000000&width=800&height=auto&aspect=true', 8),

    ('Aceite de Girasol Cocinero 1.5L', '12610905011', 'Almacen', 'Aceite', 'https://jumboargentina.vtexassets.com/arquivos/ids/614743-1200-auto?v=637409203109900000&width=1200&height=auto&aspect=true', 9),
    ('Aceite de Girasol Natura 1.5L', '7790070101356', 'Almacen', 'Aceite', 'https://jumboargentina.vtexassets.com/arquivos/ids/427751-1200-auto?v=636495154762100000&width=1200&height=auto&aspect=true', 10),
    ('Aceite de Maíz Mazola 1L', '7790070100106', 'Almacen', 'Aceite', 'https://jumboargentina.vtexassets.com/arquivos/ids/194799-1200-auto?v=636383557391870000&width=1200&height=auto&aspect=true', 11),
    ('Aceite Natura Blend 1.5L', '7790070100205', 'Almacen', 'Aceite', 'https://jumboargentina.vtexassets.com/arquivos/ids/208072-800-auto?v=636383711897100000&width=800&height=auto&aspect=true', 10),
    ('Aceite Cañuelas 1.5L', '7790012001456', 'Almacen', 'Aceite', 'https://jumboargentina.vtexassets.com/arquivos/ids/427642-800-auto?v=636495153112630000&width=800&height=auto&aspect=true', 12),

    ('Harina 0000 Pureza 1kg', '11410142005', 'Almacen', 'Harina', 'https://jumboargentina.vtexassets.com/arquivos/ids/644481-1200-auto?v=637572504306700000&width=1200&height=auto&aspect=true', 13),
    ('Harina Integral Favorita 1kg', '7790070411376', 'Almacen', 'Harina', 'https://jumboargentina.vtexassets.com/arquivos/ids/803442-1200-auto?v=638379921894370000&width=1200&height=auto&aspect=true', 7),
    ('Harina 000 Morixe 1kg', '7790012001389', 'Almacen', 'Harina', 'https://ardiaprod.vtexassets.com/arquivos/ids/291081-800-auto?v=638437873870900000&width=800&height=auto&aspect=true', 14),
    ('Harina Blancaflor 1kg', '7790070411206', 'Almacen', 'Harina', 'https://jumboargentina.vtexassets.com/arquivos/ids/822721-800-auto?v=638508241322270000&width=800&height=auto&aspect=true', 15),

    ('Azúcar Molida Ledesma 1kg', '11270101016', 'Almacen', 'Endulzantes', 'https://jumboargentina.vtexassets.com/arquivos/ids/703064-1200-auto?v=637891329664700000&width=1200&height=auto&aspect=true', 16),
    ('Azucar Blanca Domino 1kg', '7790040098328', 'Almacen', 'Endulzantes', 'https://jumboargentina.vtexassets.com/arquivos/ids/173691-800-auto?v=636383168620300000&width=800&height=auto&aspect=true', 17),
    ('Miel Pura Flores 500g', '7790217000286', 'Almacen', 'Endulzantes', 'https://static.cotodigital3.com.ar/sitios/fotos/full/00498500/00498596.jpg?3.0.170a', 18),
    ('Edulcorante Hileret Light', '7790409000624', 'Almacen', 'Endulzantes', 'https://d3340tyzmtlo4u.cloudfront.net/users/864/images/thumbnails/300/300/detailed/13/Hileret_Edulcorante_L%C3%ADquido_Sweet,_400_ml.webp', 19),
    ('Stevia Pure Via Liquido 80ml', '7790200000364', 'Almacen', 'Endulzantes', 'https://carrefourar.vtexassets.com/arquivos/ids/318095-800-auto?v=638180311874530000&width=800&height=auto&aspect=true', 20),

    -- Cat. Perfumeria
    ('Shampoo Sedal Rizos Definidos 650ml', '13710375002', 'Perfumeria', 'Shampoo', 'https://jumboargentina.vtexassets.com/arquivos/ids/766775-1200-auto?v=638108302089300000&width=1200&height=auto&aspect=true', 21),
    ('Acondicionador Sedal Ceramidas 650ml', '13720863004', 'Perfumeria', 'Acondicionador', 'https://jumboargentina.vtexassets.com/arquivos/ids/787029-1200-auto?v=638240818051470000&width=1200&height=auto&aspect=true', 21),
    ('Desodorante Rexona Antibacterial 150ml', '13420110034', 'Perfumeria', 'Desodorantes', 'https://jumboargentina.vtexassets.com/arquivos/ids/802194-1200-auto?v=638375603688170000&width=1200&height=auto&aspect=true', 22),
    ('Jabón Dove Go Original 90g', '13110109050', 'Perfumeria', 'Jabones', 'https://jumboargentina.vtexassets.com/arquivos/ids/806393-1200-auto?v=638403357956070000&width=1200&height=auto&aspect=true', 23),
    ('Crema Dental Colgate Total 12 90g', '13220102208', 'Perfumeria', 'Dentifricos', 'https://jumboargentina.vtexassets.com/arquivos/ids/813235-1200-auto?v=638441267527100000&width=1200&height=auto&aspect=true', 24),
    ('Shampoo Pantene Pro-V 400ml', '13710406001', 'Perfumeria', 'Shampoo', 'https://jumboargentina.vtexassets.com/arquivos/ids/789405-1200-auto?v=638264361930870000&width=1200&height=auto&aspect=true', 25),
    ('Acondicionador Dove Reconstrucción Completa 400ml', '13720589005', 'Perfumeria', 'Acondicionador', 'https://jumboargentina.vtexassets.com/arquivos/ids/781237-1200-auto?v=638193299692670000&width=1200&height=auto&aspect=true', 23),

    -- Cat. Bebidas
    ('Agua Mineral Glaciar Sin Gas Bajo Sodio 1.5L', '12120102001', 'Bebidas', 'Agua', 'https://jumboargentina.vtexassets.com/arquivos/ids/545277-1200-auto?v=637014798216800000&width=1200&height=auto&aspect=true', 26),
    ('Gaseosa Coca-Cola Original 2.25L', '12110101009', 'Bebidas', 'Gaseosas', 'https://jumboargentina.vtexassets.com/arquivos/ids/782825-1200-auto?v=638206689776800000&width=1200&height=auto&aspect=true', 27),
    ('Jugo Cepita Fresh Naranja 1.5L', '12130595001', 'Bebidas', 'Jugos', 'https://jumboargentina.vtexassets.com/arquivos/ids/801011-1200-auto?v=638367069703130000&width=1200&height=auto&aspect=true', 28),
    ('Vino tinto Elementos Malbec 750Cc', '12262130001', 'Bebidas', 'Vinos', 'https://jumboargentina.vtexassets.com/arquivos/ids/581089-1200-auto?v=637225176402330000&width=1200&height=auto&aspect=true', 29),
    ('Cerveza Quilmes Clasica 1L', '12440106063', 'Bebidas', 'Cervezas', 'https://jumboargentina.vtexassets.com/arquivos/ids/433499-1200-auto?v=636517616933330000&width=1200&height=auto&aspect=true', 30),

    -- Cat. Verduleria
    ('Tomate Redondo Grande 1kg', '23210315001', 'Verduleria', 'Tomate', 'https://jumboargentina.vtexassets.com/arquivos/ids/339429-1200-auto?v=636393043636870000&width=1200&height=auto&aspect=true', 31),
    ('Manzana Roja 1kg', '23110102025', 'Verduleria', 'Manzana', 'https://jumboargentina.vtexassets.com/arquivos/ids/472481-1200-auto?v=636694698370130000&width=1200&height=auto&aspect=true', 31),
    ('Lechuga Capuchina 1Kg', '23210120001', 'Verduleria', 'Lechuga', 'https://jumboargentina.vtexassets.com/arquivos/ids/450976-1200-auto?v=636577194077270000&width=1200&height=auto&aspect=true', 31),
    ('Zanahoria 1kg', '23210512002', 'Verduleria', 'Zanahoria', 'https://jumboargentina.vtexassets.com/arquivos/ids/472800-1200-auto?v=636695562251270000&width=1200&height=auto&aspect=true', 31),
    ('Papa Negra 1kg', '23210509005', 'Verduleria', 'Papa', 'https://jumboargentina.vtexassets.com/arquivos/ids/449110-1200-auto?v=636567690053330000&width=1200&height=auto&aspect=true', 31),

    -- Cat. Limpieza
    ('Lavandina Ayudín 1L', '14160501064', 'Limpieza', 'Lavandina', 'https://jumboargentina.vtexassets.com/arquivos/ids/678535-1200-auto?v=637739049922700000&width=1200&height=auto&aspect=true', 32),
    ('Detergente Líquido Magistral Limón 750ml', '14210196003', 'Limpieza', 'Detergente', 'https://jumboargentina.vtexassets.com/arquivos/ids/781293-1200-auto?v=638194917774670000&width=1200&height=auto&aspect=true', 33),
    ('Esponja Clasica Scotch-Brite', '43140757003', 'Limpieza', 'Esponjas', 'https://jumboargentina.vtexassets.com/arquivos/ids/529332-1200-auto?v=636898152780870000&width=1200&height=auto&aspect=true', 34),
    ('Trapo de Piso Nido De Abeja 1 unidad', '43140174001', 'Limpieza', 'Trapos', 'https://jumboargentina.vtexassets.com/arquivos/ids/794169-1200-auto?v=638307562527270000&width=1200&height=auto&aspect=true', 35),
    ('Guantes de Látex Mapa 8 1/2', '43150160004', 'Limpieza', 'Guantes', 'https://jumboargentina.vtexassets.com/arquivos/ids/527864-1200-auto?v=636890370760170000&width=1200&height=auto&aspect=true', 36),

    -- Cat. Lacteos
    ('Leche Descremada La Serenísima 1L', '21110301058', 'Lacteos', 'Leche', 'https://jumboargentina.vtexassets.com/arquivos/ids/760437-1200-auto?v=638049118084400000&width=1200&height=auto&aspect=true', 37),
    ('Manteca Tonadita 200g', '21270184001', 'Lacteos', 'Manteca', 'https://jumboargentina.vtexassets.com/arquivos/ids/176504-1200-auto?v=636383331571730000&width=1200&height=auto&aspect=true', 38),
    ('Queso Parmesano La Paulina 1Kg', '24450703003', 'Lacteos', 'Quesos', 'https://jumboargentina.vtexassets.com/arquivos/ids/596261-1200-auto?v=637315026086830000&width=1200&height=auto&aspect=true', 39),
    ('Yogur Yogurisimo Natural 300g', '21220166004', 'Lacteos', 'Yogures', 'https://ardiaprod.vtexassets.com/arquivos/ids/303226-1200-auto?v=638551649684200000&width=1200&height=auto&aspect=true', 40),
    ('Crema Doble Tregar 350g', '21210150006', 'Lacteos', 'Crema', 'https://jumboargentina.vtexassets.com/arquivos/ids/774486-1200-auto?v=638150854086930000&width=1200&height=auto&aspect=true', 41);


-- INSERT INTO SupermercadoProducto (supermercado_id, producto_id, precio, descuento)
-- VALUES
--     (1, 1, 3750, 0.95),
--     (2, 2, 3600, null),
--     (3, 3, 4500, 0.75),
--     (4, 4, 3650, 0.90),
--     (5, 5, 3800, 0.90),
--     (1, 6, 2000, null),
--     (2, 7, 2100, null),
--     (3, 8, 1900, null),
--     (4, 9, 1800, null),
--     (5, 10, 1850, null),
--     (1, 11, 2100, null),
--     (2, 12, 2400, 0.95),
--     (3, 13, 2500, null),
--     (4, 14, 2300, null),
--     (5, 15, 3500, null),
--     (1, 16, 900, null),
--     (2, 17, 950, 0.80),
--     (3, 18, 920, null),
--     (4, 19, 1050, 0.70),
--     (5, 20, 1308, 0.80),
--     (1, 21, 1350, null),
--     (2, 22, 8000, null),
--     (3, 23, 1600, null),
--     (4, 24, 950, 0.65),
--     (5, 25, 5150, null),
--     (1, 26, 5200, null),
--     (2, 27, 2500, null),
--     (3, 28, 1300, 0.95),
--     (4, 29, 3315, null),
--     (5, 30, 4500, null),
--     (1, 31, 4600, null),
--     (2, 32, 1554, 0.85),
--     (3, 33, 3100, 0.90),
--     (4, 34, 1485, null),
--     (5, 35, 3900, null),
--     (1, 36, 1783, null),
--     (2, 37, 4499, 0.70),
--     (3, 38, 2299, null),
--     (4, 39, 3699, null),
--     (5, 40, 1199, null),
--     (1, 41, 599, 0.70),
--     (2, 42, 699, null),
--     (3, 43, 3550, 0.90),
--     (4, 44, 562, 0.95),
--     (5, 45, 2775, null),
--     (1, 46, 3787, null),
--     (2, 47, 1362, null),
--     (3, 48, 2250, null),
--     (4, 49, 12999, 0.90),
--     (5, 50, 1700, null),
--     (1, 51, 2080, 0.75),
--     (2, 1, 3500, null),
--     (3, 1, 3800, 0.80),
--     (4, 2, 3000, null);

INSERT INTO SupermercadoProducto (supermercado_id, producto_id, precio, descuento)
VALUES
    (1, 1, 3750, 0.95),
    (2, 2, 3600, null),
    (3, 3, 4500, 0.75),
    (4, 4, 3650, 0.90),
    (5, 5, 3800, 0.90),
    (1, 6, 2000, null),
    (2, 7, 2100, null),
    (3, 8, 1900, null),
    (4, 9, 1800, null),
    (5, 10, 1850, null),
    (1, 11, 2100, null),
    (2, 12, 2400, 0.95),
    (3, 13, 2500, null),
    (4, 14, 2300, null),
    (5, 15, 3500, null),
    (1, 16, 900, null),
    (2, 17, 950, 0.80),
    (3, 18, 920, null),
    (4, 19, 1050, 0.70),
    (5, 20, 1308, 0.80),
    (1, 21, 1350, null),
    (2, 22, 8000, null),
    (3, 23, 1600, null),
    (4, 24, 950, 0.65),
    (5, 25, 5150, null),
    (1, 26, 5200, null),
    (2, 27, 2500, null),
    (3, 28, 1300, 0.95),
    (4, 29, 3315, null),
    (5, 30, 4500, null),
    (1, 31, 4600, null),
    (2, 32, 1554, 0.85),
    (3, 33, 3100, 0.90),
    (4, 34, 1485, null),
    (5, 35, 3900, null),
    (1, 36, 1783, null),
    (2, 37, 4499, 0.70),
    (3, 38, 2299, null),
    (4, 39, 3699, null),
    (5, 40, 1199, null),
    (1, 41, 599, 0.70),
    (2, 42, 699, null),
    (3, 43, 3550, 0.90),
    (4, 44, 562, 0.95),
    (5, 45, 2775, null),
    (1, 46, 3787, null),
    (2, 47, 1362, null),
    (3, 48, 2250, null),
    (4, 49, 12999, 0.90),
    (5, 50, 1700, null),
    (1, 51, 2080, 0.75),
    (2, 1, 3500, null),
    (3, 1, 3800, 0.80),
    (4, 2, 3000, null),
    (5, 2, 3200, null),
    (3, 4, 3700, 0.85),
    (2, 3, 4400, null),
    (1, 3, 4600, 0.70),
    (5, 6, 2200, 0.75),
    (4, 5, 3900, 0.85),
    (3, 7, 2150, null),
    (1, 7, 2000, 0.70),
    (5, 8, 1950, null),
    (4, 8, 2000, 0.80),
    (2, 9, 1850, 0.75),
    (1, 9, 1900, null),
    (3, 9, 1750, 0.85),
    (5, 11, 2200, null),
    (4, 11, 2250, 0.75),
    (2, 11, 2050, 0.90),
    (1, 12, 2500, null),
    (5, 12, 2450, 0.80),
    (4, 13, 2600, null),
    (2, 13, 2550, 0.85),
    (1, 14, 2400, null),
    (5, 14, 2350, 0.90),
    (3, 15, 3600, 0.75),
    (4, 15, 3550, 0.80),
    (2, 16, 950, null),
    (5, 16, 925, 0.70),
    (3, 17, 1000, null),
    (4, 17, 975, 0.75),
    (1, 18, 950, null),
    (5, 18, 975, 0.85),
    (2, 19, 1100, null),
    (3, 19, 1050, 0.90),
    (1, 20, 1400, null),
    (4, 20, 1350, 0.70),
    (2, 21, 1400, null),
    (3, 21, 1375, 0.80),
    (5, 21, 1325, 0.90),
    (1, 22, 8100, null),
    (3, 22, 8200, 0.75),
    (4, 22, 8150, 0.85),
    (1, 23, 1700, null),
    (4, 23, 1650, 0.80),
    (2, 23, 1600, 0.90),
    (5, 23, 1550, 0.70),
    (1, 24, 950, null),
    (3, 24, 1000, 0.75),
    (5, 24, 925, 0.85),
    (2, 25, 5250, null),
    (3, 25, 5200, 0.90),
    (4, 26, 5300, null),
    (2, 26, 5250, 0.70),
    (1, 27, 2600, null),
    (3, 27, 2550, 0.80),
    (4, 27, 2500, 0.90),
    (5, 27, 2450, 0.75),
    (2, 28, 1350, null),
    (4, 28, 1325, 0.85),
    (1, 29, 3350, null),
    (5, 29, 3300, 0.90),
    (2, 29, 3250, 0.70),
    (3, 30, 4600, null),
    (4, 30, 4550, 0.80),
    (3, 31, 4650, 0.85),
    (4, 31, 4600, 0.75),
    (5, 31, 4550, 0.90),
    (3, 32, 1575, null),
    (4, 32, 1550, 0.70),
    (1, 33, 3200, null),
    (5, 33, 3150, 0.75),
    (2, 33, 3100, 0.85),
    (4, 33, 3050, 0.90),
    (3, 34, 1500, null),
    (5, 34, 1485, 0.70),
    (1, 35, 4000, null),
    (3, 35, 3950, 0.75),
    (2, 35, 3900, 0.85),
    (4, 35, 3850, 0.90),
    (3, 36, 1800, null),
    (5, 36, 1785, 0.70),
    (2, 36, 1775, 0.75),
    (4, 36, 1750, 0.85),
    (3, 37, 4550, null),
    (5, 37, 4500, 0.70),
    (1, 38, 2400, null),
    (4, 38, 2350, 0.75),
    (5, 39, 3700, null),
    (2, 39, 3650, 0.85),
    (1, 40, 1300, null),
    (4, 40, 1250, 0.90),
    (2, 40, 1200, 0.70),
    (3, 41, 650, null),
    (5, 41, 625, 0.75),
    (1, 42, 750, null),
    (4, 42, 725, 0.85),
    (3, 42, 700, 0.90),
    (1, 43, 3650, null),
    (5, 43, 3600, 0.70),
    (2, 43, 3550, 0.75),
    (4, 43, 3500, 0.85),
    (1, 44, 600, null),
    (5, 44, 575, 0.90),
    (3, 45, 2800, null),
    (2, 45, 2750, 0.70),
    (4, 45, 2700, 0.75),
    (3, 46, 3800, 0.85),
    (2, 46, 3750, 0.90),
    (4, 46, 3700, 0.70),
    (5, 46, 3650, 0.75),
    (4, 47, 1375, 0.85),
    (3, 47, 1350, 0.90),
    (5, 47, 1325, 0.70),
    (1, 48, 2300, null),
    (4, 48, 2250, 0.75),
    (5, 48, 2200, 0.85),
    (1, 49, 13000, null),
    (3, 49, 12950, 0.90),
    (2, 49, 12900, 0.70),
    (4, 50, 1750, null),
    (3, 50, 1725, 0.75),
    (2, 50, 1700, 0.85),
    (4, 51, 2100, 0.90),
    (5, 51, 2050, 0.70);


INSERT INTO Promocion (precioFinal, fechaInicio, fechaFin)
VALUES
    (3600, '2023-01-01', '2023-12-31'),
    (3800, '2024-01-01', '2024-12-31'),
    (4084.2, '2024-01-01', '2024-12-31'),
    (3412, '2024-01-01', '2024-12-31'),
    (6200, '2024-01-01', '2024-12-31'),
    (1800, '2024-01-01', '2024-12-31'),
    (4233, '2024-01-01', '2024-12-31'),
    (2100, '2024-01-01', '2024-12-31'),
    (4200, '2024-01-01', '2024-12-31');


INSERT INTO Combo (idPromocion, producto_id, supermercado_id, cantidadVendida, cantidadCobrada)
VALUES
    (1, 2, 2, 2, 1),
    (2, 5, 5, 2, 1),
    (5, 33, 3, 3, 2),
    (6, 16, 1, 4, 2),
    (8, 7, 2, 2, 1),
    (9, 11, 1, 4, 2);

INSERT INTO Paquete (idPromocion, descuento, nombre)
VALUES
    (3, 10.0, 'Paquete AA'),
    (4, 20.0, 'Todo en uno'),
    (7, 15.0, 'Mezcla mix');

INSERT INTO Paquete_supermercado_producto (paquete_id, producto_id, supermercado_id)
VALUES
    (3, 15, 5),
    (3, 20, 5),
    (4, 24, 4),
    (4, 29, 4),
    (7, 6, 1),
    (7, 16, 1),
    (7, 51, 1);










